term,korean_label,english_gloss,part_of_speech,primary_axis,secondary_axes,descriptor_type,polarity,intensity,synonym_group,opposite_terms,example_phrases,mapped_existing_objects,candidate_objects,integration_status,notes
서늘한,서늘한,cool cold,adjective,temperature,,axis_descriptor,context_dependent,medium,cool_cold,따뜻한|포근한|뜨거운,차갑고 투명한|서늘하게 퍼지는|냉랭하고 금속적인,cold_metal|winter_dawn|cold_fog|crystal,,axis_descriptor,일반 감각 descriptor이며 sensory object로 직접 병합하지 않는다.
차가운,차가운,cool cold,adjective,temperature,,axis_descriptor,context_dependent,medium,cool_cold,따뜻한|포근한|뜨거운,차갑고 투명한|서늘하게 퍼지는|냉랭하고 금속적인,cold_metal|winter_dawn|cold_fog|crystal,,axis_descriptor,일반 감각 descriptor이며 sensory object로 직접 병합하지 않는다.
따뜻한,따뜻한,warm soft,adjective,temperature,,axis_descriptor,context_dependent,medium,warm_soft,차가운|냉랭한,따뜻하고 부드러운|포근하게 감싸는|온기 있게 남는,cashmere|warm_cotton|vanilla_cream,,axis_descriptor,일반 감각 descriptor이며 sensory object로 직접 병합하지 않는다.
포근한,포근한,warm soft,adjective,temperature,,axis_descriptor,context_dependent,medium,warm_soft,차가운|냉랭한,따뜻하고 부드러운|포근하게 감싸는|온기 있게 남는,cashmere|warm_cotton|vanilla_cream,,axis_descriptor,일반 감각 descriptor이며 sensory object로 직접 병합하지 않는다.
뜨거운,뜨거운,hot heat,adjective,temperature,,axis_descriptor,context_dependent,medium,hot_heat,식어 있는|서늘한,뜨겁게 퍼지는|열감이 남는|달아오른 표면 같은,summer_noon|burnt_sugar|charred_oak,,axis_descriptor,일반 감각 descriptor이며 sensory object로 직접 병합하지 않는다.
열감 있는,열감 있는,hot heat,adjective,temperature,,axis_descriptor,context_dependent,medium,hot_heat,식어 있는|서늘한,뜨겁게 퍼지는|열감이 남는|달아오른 표면 같은,summer_noon|burnt_sugar|charred_oak,,axis_descriptor,일반 감각 descriptor이며 sensory object로 직접 병합하지 않는다.
미지근한,미지근한,tepid flat,adjective,temperature,,axis_descriptor,context_dependent,medium,tepid_flat,차갑게 선명한|따뜻하게 감싸는,미지근하게 머무는|식어 있지만 날카롭지 않은|온도가 애매한,wet_stone|rainy_street,,axis_descriptor,일반 감각 descriptor이며 sensory object로 직접 병합하지 않는다.
애매하게 식은,애매하게 식은,tepid flat,noun_phrase,temperature,,axis_descriptor,context_dependent,medium,tepid_flat,차갑게 선명한|따뜻하게 감싸는,미지근하게 머무는|식어 있지만 날카롭지 않은|온도가 애매한,wet_stone|rainy_street,,axis_descriptor,일반 감각 descriptor이며 sensory object로 직접 병합하지 않는다.
식어 있는,식어 있는,cooled down,adjective,temperature,,axis_descriptor,context_dependent,medium,cooled_down,뜨거운|달아오른,식은 재처럼 남는|열이 빠져 조용한|차게 가라앉은 잔향,fireplace_ash|late_night_air|cold_fog,,axis_descriptor,일반 감각 descriptor이며 sensory object로 직접 병합하지 않는다.
차게 가라앉은,차게 가라앉은,cooled down,noun_phrase,temperature,,axis_descriptor,context_dependent,medium,cooled_down,뜨거운|달아오른,식은 재처럼 남는|열이 빠져 조용한|차게 가라앉은 잔향,fireplace_ash|late_night_air|cold_fog,,axis_descriptor,일반 감각 descriptor이며 sensory object로 직접 병합하지 않는다.
부드러운,부드러운,soft smooth,adjective,texture,,axis_descriptor,context_dependent,medium,soft_smooth,거친|까슬한,부드럽게 스치는|매끈하게 흐르는|실키하게 남는,silk|cashmere|vanilla_cream,,axis_descriptor,일반 감각 descriptor이며 sensory object로 직접 병합하지 않는다.
매끈한,매끈한,soft smooth,adjective,texture,,axis_descriptor,context_dependent,medium,soft_smooth,거친|까슬한,부드럽게 스치는|매끈하게 흐르는|실키하게 남는,silk|cashmere|vanilla_cream,,axis_descriptor,일반 감각 descriptor이며 sensory object로 직접 병합하지 않는다.
보송한,보송한,powdery dry,adjective,texture,,axis_descriptor,context_dependent,medium,powdery_dry,축축한|끈적한,보송하게 깔리는|가루처럼 부드러운|파우더리하게 흐려지는,suede|velvet|dry_herb,,axis_descriptor,일반 감각 descriptor이며 sensory object로 직접 병합하지 않는다.
파우더리한,파우더리한,powdery dry,adjective,texture,,axis_descriptor,context_dependent,medium,powdery_dry,축축한|끈적한,보송하게 깔리는|가루처럼 부드러운|파우더리하게 흐려지는,suede|velvet|dry_herb,,axis_descriptor,일반 감각 descriptor이며 sensory object로 직접 병합하지 않는다.
거친,거친,rough grainy,expression,texture,,axis_descriptor,context_dependent,medium,rough_grainy,매끈한|크리미한,거칠게 걸리는|까슬하게 남는|입자가 느껴지는,bark|granite|forest_floor,,axis_descriptor,일반 감각 descriptor이며 sensory object로 직접 병합하지 않는다.
까슬한,까슬한,rough grainy,adjective,texture,,axis_descriptor,context_dependent,medium,rough_grainy,매끈한|크리미한,거칠게 걸리는|까슬하게 남는|입자가 느껴지는,bark|granite|forest_floor,,axis_descriptor,일반 감각 descriptor이며 sensory object로 직접 병합하지 않는다.
끈적한,끈적한,sticky viscous,adjective,texture,,axis_descriptor,context_dependent,medium,sticky_viscous,보송한|가벼운,끈적하게 남는|점성 있게 흐르는|시럽처럼 감기는,honeycomb|burnt_sugar,,axis_descriptor,일반 감각 descriptor이며 sensory object로 직접 병합하지 않는다.
점성 있는,점성 있는,sticky viscous,adjective,texture,,axis_descriptor,context_dependent,medium,sticky_viscous,보송한|가벼운,끈적하게 남는|점성 있게 흐르는|시럽처럼 감기는,honeycomb|burnt_sugar,,axis_descriptor,일반 감각 descriptor이며 sensory object로 직접 병합하지 않는다.
바삭한,바삭한,crisp brittle,adjective,texture,,axis_descriptor,context_dependent,medium,crisp_brittle,눅눅한|크리미한,아삭하게 꺾이는|바삭하게 끊기는|얇게 부서지는,citrus_peel|green_stem|butter_toast,,axis_descriptor,일반 감각 descriptor이며 sensory object로 직접 병합하지 않는다.
아삭한,아삭한,crisp brittle,adjective,texture,,axis_descriptor,context_dependent,medium,crisp_brittle,눅눅한|크리미한,아삭하게 꺾이는|바삭하게 끊기는|얇게 부서지는,citrus_peel|green_stem|butter_toast,,axis_descriptor,일반 감각 descriptor이며 sensory object로 직접 병합하지 않는다.
가벼운,가벼운,light airy,adjective,density,,axis_descriptor,context_dependent,medium,light_airy,무거운|묵직한,가볍게 떠오르는|공기처럼 뜨는|얇게 지나가는,organza|cold_fog|sea_breeze,,axis_descriptor,일반 감각 descriptor이며 sensory object로 직접 병합하지 않는다.
공기처럼 뜨는,공기처럼 뜨는,light airy,adjective,density,,axis_descriptor,context_dependent,medium,light_airy,무거운|묵직한,가볍게 떠오르는|공기처럼 뜨는|얇게 지나가는,organza|cold_fog|sea_breeze,,axis_descriptor,일반 감각 descriptor이며 sensory object로 직접 병합하지 않는다.
무거운,무거운,heavy dense,adjective,density,,axis_descriptor,context_dependent,medium,heavy_dense,가벼운|비어 있는,묵직하게 깔리는|밀도 있게 남는|무겁게 내려앉는,dark_chocolate|leather|barrel_cellar,,axis_descriptor,일반 감각 descriptor이며 sensory object로 직접 병합하지 않는다.
묵직한,묵직한,heavy dense,adjective,density,,axis_descriptor,context_dependent,medium,heavy_dense,가벼운|비어 있는,묵직하게 깔리는|밀도 있게 남는|무겁게 내려앉는,dark_chocolate|leather|barrel_cellar,,axis_descriptor,일반 감각 descriptor이며 sensory object로 직접 병합하지 않는다.
두꺼운,두꺼운,thick compressed,adjective,density,,axis_descriptor,context_dependent,medium,thick_compressed,얇은|성긴,두껍게 감싸는|압축되어 남는|꽉 찬 밀도,velvet|honeycomb|barrel_cellar,,axis_descriptor,일반 감각 descriptor이며 sensory object로 직접 병합하지 않는다.
압축된,압축된,thick compressed,expression,density,,axis_descriptor,context_dependent,medium,thick_compressed,얇은|성긴,두껍게 감싸는|압축되어 남는|꽉 찬 밀도,velvet|honeycomb|barrel_cellar,,axis_descriptor,일반 감각 descriptor이며 sensory object로 직접 병합하지 않는다.
비어 있는,비어 있는,empty hollow,adjective,density,,axis_descriptor,context_dependent,medium,empty_hollow,꽉 찬|밀도 있는,비어 있는 듯한|성기게 흩어지는|허공처럼 남는,cold_fog|clean_room,,axis_descriptor,일반 감각 descriptor이며 sensory object로 직접 병합하지 않는다.
성긴,성긴,empty hollow,expression,density,,axis_descriptor,context_dependent,medium,empty_hollow,꽉 찬|밀도 있는,비어 있는 듯한|성기게 흩어지는|허공처럼 남는,cold_fog|clean_room,,axis_descriptor,일반 감각 descriptor이며 sensory object로 직접 병합하지 않는다.
낮게 깔리는,낮게 깔리는,low settled,adjective,density,,axis_descriptor,context_dependent,medium,low_settled,위로 뜨는|가볍게 올라오는,낮게 깔리는 향|바닥에 붙듯 남는|아래로 가라앉는 느낌,forest_floor|wet_moss|tobacco_leaf,,axis_descriptor,일반 감각 descriptor이며 sensory object로 직접 병합하지 않는다.
아래로 가라앉는,아래로 가라앉는,low settled,adjective,density,,axis_descriptor,context_dependent,medium,low_settled,위로 뜨는|가볍게 올라오는,낮게 깔리는 향|바닥에 붙듯 남는|아래로 가라앉는 느낌,forest_floor|wet_moss|tobacco_leaf,,axis_descriptor,일반 감각 descriptor이며 sensory object로 직접 병합하지 않는다.
밝은,밝은,bright clear,expression,light,,axis_descriptor,context_dependent,medium,bright_clear,어두운|희미한,밝게 올라오는|환하게 트이는|빛나듯 퍼지는,citrus_peel|four_k_clarity|crystal,,axis_descriptor,일반 감각 descriptor이며 sensory object로 직접 병합하지 않는다.
환한,환한,bright clear,adjective,light,,axis_descriptor,context_dependent,medium,bright_clear,어두운|희미한,밝게 올라오는|환하게 트이는|빛나듯 퍼지는,citrus_peel|four_k_clarity|crystal,,axis_descriptor,일반 감각 descriptor이며 sensory object로 직접 병합하지 않는다.
어두운,어두운,dark low,adjective,light,,axis_descriptor,context_dependent,medium,dark_low,밝은|투명한,어둡게 깔리는|빛을 삼키는|검은빛으로 남는,dark_chocolate|tobacco_leaf|barrel_cellar,,axis_descriptor,일반 감각 descriptor이며 sensory object로 직접 병합하지 않는다.
검은빛의,검은빛의,dark low,expression,light,,axis_descriptor,context_dependent,medium,dark_low,밝은|투명한,어둡게 깔리는|빛을 삼키는|검은빛으로 남는,dark_chocolate|tobacco_leaf|barrel_cellar,,axis_descriptor,일반 감각 descriptor이며 sensory object로 직접 병합하지 않는다.
윤이 나는,윤이 나는,glossy shiny,adjective,light,,axis_descriptor,context_dependent,medium,glossy_shiny,매트한|탁한,윤이 나게 흐르는|반짝이며 남는|광택 있게 비치는,marble|silver_spoon|crystal,,axis_descriptor,일반 감각 descriptor이며 sensory object로 직접 병합하지 않는다.
반짝이는,반짝이는,glossy shiny,adjective,light,,axis_descriptor,context_dependent,medium,glossy_shiny,매트한|탁한,윤이 나게 흐르는|반짝이며 남는|광택 있게 비치는,marble|silver_spoon|crystal,,axis_descriptor,일반 감각 descriptor이며 sensory object로 직접 병합하지 않는다.
매트한,매트한,matte flat,adjective,light,,axis_descriptor,context_dependent,medium,matte_flat,반짝이는|윤이 나는,매트하게 깔리는|광택 없이 차분한|빛을 누르는,slate|suede|dry_herb,,axis_descriptor,일반 감각 descriptor이며 sensory object로 직접 병합하지 않는다.
광택 없는,광택 없는,matte flat,adjective,light,,axis_descriptor,context_dependent,medium,matte_flat,반짝이는|윤이 나는,매트하게 깔리는|광택 없이 차분한|빛을 누르는,slate|suede|dry_herb,,axis_descriptor,일반 감각 descriptor이며 sensory object로 직접 병합하지 않는다.
희미한,희미한,dim faint,adjective,light,,axis_descriptor,context_dependent,medium,dim_faint,선명한|환한,희미하게 남는|낮은 조명 같은|흐린 빛으로 감싸는,film_grain|old_library|late_night_air,,axis_descriptor,일반 감각 descriptor이며 sensory object로 직접 병합하지 않는다.
흐린 빛의,흐린 빛의,dim faint,noun_phrase,light,,axis_descriptor,context_dependent,medium,dim_faint,선명한|환한,희미하게 남는|낮은 조명 같은|흐린 빛으로 감싸는,film_grain|old_library|late_night_air,,axis_descriptor,일반 감각 descriptor이며 sensory object로 직접 병합하지 않는다.
투명한,투명한,transparent clear,adjective,clarity,,axis_descriptor,context_dependent,medium,transparent_clear,탁한|흐릿한,투명하게 보이는|맑게 올라오는|깨끗하게 정리되는,crystal|winter_dawn|mountain_stream,,axis_descriptor,일반 감각 descriptor이며 sensory object로 직접 병합하지 않는다.
맑은,맑은,transparent clear,expression,clarity,,axis_descriptor,context_dependent,medium,transparent_clear,탁한|흐릿한,투명하게 보이는|맑게 올라오는|깨끗하게 정리되는,crystal|winter_dawn|mountain_stream,,axis_descriptor,일반 감각 descriptor이며 sensory object로 직접 병합하지 않는다.
탁한,탁한,cloudy muddy,adjective,clarity,,axis_descriptor,context_dependent,medium,cloudy_muddy,투명한|선명한,탁하게 번지는|뿌옇게 덮이는|혼탁하게 남는,rain_on_asphalt|cold_fog|forest_floor,,axis_descriptor,일반 감각 descriptor이며 sensory object로 직접 병합하지 않는다.
혼탁한,혼탁한,cloudy muddy,adjective,clarity,,axis_descriptor,context_dependent,medium,cloudy_muddy,투명한|선명한,탁하게 번지는|뿌옇게 덮이는|혼탁하게 남는,rain_on_asphalt|cold_fog|forest_floor,,axis_descriptor,일반 감각 descriptor이며 sensory object로 직접 병합하지 않는다.
선명한,선명한,sharp focused,adjective,clarity,,axis_descriptor,context_dependent,medium,sharp_focused,흐릿한|퍼진,선명하게 잡히는|초점이 맞은 듯한|또렷하게 보이는,four_k_clarity|cut_diamond|crystal,,axis_descriptor,일반 감각 descriptor이며 sensory object로 직접 병합하지 않는다.
초점이 맞은,초점이 맞은,sharp focused,noun_phrase,clarity,,axis_descriptor,context_dependent,medium,sharp_focused,흐릿한|퍼진,선명하게 잡히는|초점이 맞은 듯한|또렷하게 보이는,four_k_clarity|cut_diamond|crystal,,axis_descriptor,일반 감각 descriptor이며 sensory object로 직접 병합하지 않는다.
흐릿한,흐릿한,blurred softfocus,adjective,clarity,,axis_descriptor,context_dependent,medium,blurred_softfocus,4K 같은|또렷한,흐릿하게 남는|초점이 풀리는|soft-focus처럼 번지는,film_grain|cold_fog,,axis_descriptor,일반 감각 descriptor이며 sensory object로 직접 병합하지 않는다.
초점이 풀린,초점이 풀린,blurred softfocus,noun_phrase,clarity,,axis_descriptor,context_dependent,medium,blurred_softfocus,4K 같은|또렷한,흐릿하게 남는|초점이 풀리는|soft-focus처럼 번지는,film_grain|cold_fog,,axis_descriptor,일반 감각 descriptor이며 sensory object로 직접 병합하지 않는다.
정돈된,정돈된,clean ordered,expression,clarity,,axis_descriptor,context_dependent,medium,clean_ordered,산만한|탁한,정돈되어 보이는|단정하게 떨어지는|잡음 없이 맑은,clean_room|fresh_linen|four_k_clarity,,axis_descriptor,일반 감각 descriptor이며 sensory object로 직접 병합하지 않는다.
단정한,단정한,clean ordered,adjective,clarity,,axis_descriptor,context_dependent,medium,clean_ordered,산만한|탁한,정돈되어 보이는|단정하게 떨어지는|잡음 없이 맑은,clean_room|fresh_linen|four_k_clarity,,axis_descriptor,일반 감각 descriptor이며 sensory object로 직접 병합하지 않는다.
퍼지는,퍼지는,spreading,adjective,motion,,motion_descriptor,context_dependent,medium,spreading,가라앉는|멈춘,넓게 퍼지는|옆으로 번지는|공기 중에 열리는,sea_breeze|citrus_peel|cold_fog,,modifier_candidate,일반 감각 descriptor이며 sensory object로 직접 병합하지 않는다.
번지는,번지는,spreading,adjective,motion,,motion_descriptor,context_dependent,medium,spreading,가라앉는|멈춘,넓게 퍼지는|옆으로 번지는|공기 중에 열리는,sea_breeze|citrus_peel|cold_fog,,modifier_candidate,일반 감각 descriptor이며 sensory object로 직접 병합하지 않는다.
감싸는,감싸는,wrapping,adjective,motion,,motion_descriptor,context_dependent,medium,wrapping,날카롭게 끊기는|튀는,몸을 감싸는|부드럽게 두르는|담요처럼 덮는,cashmere|wool_blanket|warm_cotton,,modifier_candidate,일반 감각 descriptor이며 sensory object로 직접 병합하지 않는다.
두르는,두르는,wrapping,adjective,motion,,motion_descriptor,context_dependent,medium,wrapping,날카롭게 끊기는|튀는,몸을 감싸는|부드럽게 두르는|담요처럼 덮는,cashmere|wool_blanket|warm_cotton,,modifier_candidate,일반 감각 descriptor이며 sensory object로 직접 병합하지 않는다.
스며드는,스며드는,seeping,adjective,motion,,motion_descriptor,context_dependent,medium,seeping,튄다|금방 사라진다,천천히 스며드는|표면에 배어드는|조용히 젖어드는,wet_moss|honeycomb|barrel_cellar,,modifier_candidate,일반 감각 descriptor이며 sensory object로 직접 병합하지 않는다.
배어드는,배어드는,seeping,adjective,motion,,motion_descriptor,context_dependent,medium,seeping,튄다|금방 사라진다,천천히 스며드는|표면에 배어드는|조용히 젖어드는,wet_moss|honeycomb|barrel_cellar,,modifier_candidate,일반 감각 descriptor이며 sensory object로 직접 병합하지 않는다.
올라오는,올라오는,rising,adjective,motion,,motion_descriptor,context_dependent,medium,rising,가라앉는|낮게 깔리는,위로 올라오는|코끝으로 솟는|가볍게 뜨는,mountain_stream|green_stem|citrus_peel,,modifier_candidate,일반 감각 descriptor이며 sensory object로 직접 병합하지 않는다.
솟는,솟는,rising,adjective,motion,,motion_descriptor,context_dependent,medium,rising,가라앉는|낮게 깔리는,위로 올라오는|코끝으로 솟는|가볍게 뜨는,mountain_stream|green_stem|citrus_peel,,modifier_candidate,일반 감각 descriptor이며 sensory object로 직접 병합하지 않는다.
가라앉는,가라앉는,settling,adjective,motion,,motion_descriptor,context_dependent,medium,settling,튀는|위로 뜨는,낮게 가라앉는|바닥에 머무는|천천히 내려앉는,forest_floor|tobacco_leaf|dark_chocolate,,modifier_candidate,일반 감각 descriptor이며 sensory object로 직접 병합하지 않는다.
낮게 머무는,낮게 머무는,settling,adjective,motion,,motion_descriptor,context_dependent,medium,settling,튀는|위로 뜨는,낮게 가라앉는|바닥에 머무는|천천히 내려앉는,forest_floor|tobacco_leaf|dark_chocolate,,modifier_candidate,일반 감각 descriptor이며 sensory object로 직접 병합하지 않는다.
처음엔 강한,처음엔 강한,first strong,adjective,time,,finish_descriptor,context_dependent,medium,first_strong,뒤늦게 올라오는|천천히 남는,처음엔 강하게 오는|첫인상이 선명한|초반에 튀는,citrus_peel|four_k_clarity,,modifier_candidate,일반 감각 descriptor이며 sensory object로 직접 병합하지 않는다.
첫인상이 센,첫인상이 센,first strong,noun_phrase,time,,finish_descriptor,context_dependent,medium,first_strong,뒤늦게 올라오는|천천히 남는,처음엔 강하게 오는|첫인상이 선명한|초반에 튀는,citrus_peel|four_k_clarity,,modifier_candidate,일반 감각 descriptor이며 sensory object로 직접 병합하지 않는다.
뒤늦게 올라오는,뒤늦게 올라오는,late rising,adjective,time,,finish_descriptor,context_dependent,medium,late_rising,처음부터 강한|짧게 끊기는,뒤늦게 올라오는|나중에 보이는|시간차를 두고 남는,black_tea|tobacco_leaf|barrel_cellar,,modifier_candidate,일반 감각 descriptor이며 sensory object로 직접 병합하지 않는다.
나중에 보이는,나중에 보이는,late rising,adjective,time,,finish_descriptor,context_dependent,medium,late_rising,처음부터 강한|짧게 끊기는,뒤늦게 올라오는|나중에 보이는|시간차를 두고 남는,black_tea|tobacco_leaf|barrel_cellar,,modifier_candidate,일반 감각 descriptor이며 sensory object로 직접 병합하지 않는다.
오래된,오래된,aging old,expression,time,,finish_descriptor,context_dependent,medium,aging_old,새것 같은|갓 세탁한,시간이 밴|숙성되어 남는|오래된 공간 같은,old_library|old_wood|barrel_cellar,,modifier_candidate,일반 감각 descriptor이며 sensory object로 직접 병합하지 않는다.
시간이 밴,시간이 밴,aging old,noun_phrase,time,,finish_descriptor,context_dependent,medium,aging_old,새것 같은|갓 세탁한,시간이 밴|숙성되어 남는|오래된 공간 같은,old_library|old_wood|barrel_cellar,,modifier_candidate,일반 감각 descriptor이며 sensory object로 직접 병합하지 않는다.
갓 만든,갓 만든,fresh now,noun_phrase,time,,finish_descriptor,context_dependent,medium,fresh_now,낡은|숙성된,막 지나간 비처럼|갓 세탁한 듯한|새롭게 올라오는,fresh_linen|after_rain_garden|rain_on_asphalt,,modifier_candidate,일반 감각 descriptor이며 sensory object로 직접 병합하지 않는다.
막 지나간,막 지나간,fresh now,noun_phrase,time,,finish_descriptor,context_dependent,medium,fresh_now,낡은|숙성된,막 지나간 비처럼|갓 세탁한 듯한|새롭게 올라오는,fresh_linen|after_rain_garden|rain_on_asphalt,,modifier_candidate,일반 감각 descriptor이며 sensory object로 직접 병합하지 않는다.
겨울 같은,겨울 같은,seasonal memory,adjective,time,,finish_descriptor,context_dependent,medium,seasonal_memory,무시간적인|중립적인,겨울 새벽 같은|여름 정오 같은|계절이 떠오르는,winter_dawn|summer_noon,,modifier_candidate,일반 감각 descriptor이며 sensory object로 직접 병합하지 않는다.
여름 같은,여름 같은,seasonal memory,adjective,time,,finish_descriptor,context_dependent,medium,seasonal_memory,무시간적인|중립적인,겨울 새벽 같은|여름 정오 같은|계절이 떠오르는,winter_dawn|summer_noon,,modifier_candidate,일반 감각 descriptor이며 sensory object로 직접 병합하지 않는다.
오래 남는,오래 남는,long lingering,adjective,finish,,finish_descriptor,context_dependent,medium,long_lingering,금방 사라지는|짧게 끊기는,오래 남는 향|여운이 길게 이어지는|잔향이 길다,tobacco_leaf|barrel_cellar|dark_chocolate,,modifier_candidate,일반 감각 descriptor이며 sensory object로 직접 병합하지 않는다.
여운이 긴,여운이 긴,long lingering,noun_phrase,finish,,finish_descriptor,context_dependent,medium,long_lingering,금방 사라지는|짧게 끊기는,오래 남는 향|여운이 길게 이어지는|잔향이 길다,tobacco_leaf|barrel_cellar|dark_chocolate,,modifier_candidate,일반 감각 descriptor이며 sensory object로 직접 병합하지 않는다.
금방 사라지는,금방 사라지는,short clean,adjective,finish,,finish_descriptor,context_dependent,medium,short_clean,오래 남는|끈적하게 붙는,짧게 끊기는|깨끗하게 떨어지는|금방 사라지는,fresh_linen|clean_room|citrus_peel,,modifier_candidate,일반 감각 descriptor이며 sensory object로 직접 병합하지 않는다.
짧게 끊기는,짧게 끊기는,short clean,adjective,finish,,finish_descriptor,context_dependent,medium,short_clean,오래 남는|끈적하게 붙는,짧게 끊기는|깨끗하게 떨어지는|금방 사라지는,fresh_linen|clean_room|citrus_peel,,modifier_candidate,일반 감각 descriptor이며 sensory object로 직접 병합하지 않는다.
잔상이 남는,잔상이 남는,afterimage,adjective,finish,,finish_descriptor,context_dependent,medium,afterimage,즉시 사라지는|선명하게 끊기는,잔상이 남는|기억처럼 남는|장면이 남는 향,film_grain|old_library|late_night_air,,modifier_candidate,일반 감각 descriptor이며 sensory object로 직접 병합하지 않는다.
기억처럼 남는,기억처럼 남는,afterimage,adjective,finish,,finish_descriptor,context_dependent,medium,afterimage,즉시 사라지는|선명하게 끊기는,잔상이 남는|기억처럼 남는|장면이 남는 향,film_grain|old_library|late_night_air,,modifier_candidate,일반 감각 descriptor이며 sensory object로 직접 병합하지 않는다.
뒤로 갈수록 둥근,뒤로 갈수록 둥근,drydown round,noun_phrase,finish,,finish_descriptor,context_dependent,medium,drydown_round,끝이 날카로운|짧게 끊기는,뒤로 갈수록 둥근|마지막이 부드러운|끝이 포근한,vanilla_cream|warm_cotton|cashmere,,modifier_candidate,일반 감각 descriptor이며 sensory object로 직접 병합하지 않는다.
마지막이 부드러운,마지막이 부드러운,drydown round,adjective,finish,,finish_descriptor,context_dependent,medium,drydown_round,끝이 날카로운|짧게 끊기는,뒤로 갈수록 둥근|마지막이 부드러운|끝이 포근한,vanilla_cream|warm_cotton|cashmere,,modifier_candidate,일반 감각 descriptor이며 sensory object로 직접 병합하지 않는다.
끝이 마른,끝이 마른,dry finish,noun_phrase,finish,,finish_descriptor,context_dependent,medium,dry_finish,시럽 같은|크리미한,끝이 마른|드라이하게 사라지는|입안을 조이며 끝나는,black_tea|dry_herb|charred_oak,,modifier_candidate,일반 감각 descriptor이며 sensory object로 직접 병합하지 않는다.
드라이하게 끝나는,드라이하게 끝나는,dry finish,adjective,finish,,finish_descriptor,context_dependent,medium,dry_finish,시럽 같은|크리미한,끝이 마른|드라이하게 사라지는|입안을 조이며 끝나는,black_tea|dry_herb|charred_oak,,modifier_candidate,일반 감각 descriptor이며 sensory object로 직접 병합하지 않는다.
넓은,넓은,wide open,expression,space,,axis_descriptor,context_dependent,medium,wide_open,좁은|답답한,넓게 열린 공기|탁 트인 느낌|수평으로 퍼지는,sea_breeze|summer_noon,,axis_descriptor,일반 감각 descriptor이며 sensory object로 직접 병합하지 않는다.
탁 트인,탁 트인,wide open,noun_phrase,space,,axis_descriptor,context_dependent,medium,wide_open,좁은|답답한,넓게 열린 공기|탁 트인 느낌|수평으로 퍼지는,sea_breeze|summer_noon,,axis_descriptor,일반 감각 descriptor이며 sensory object로 직접 병합하지 않는다.
좁은,좁은,narrow enclosed,expression,space,,axis_descriptor,context_dependent,medium,narrow_enclosed,넓은|야외적인,좁게 갇힌|닫힌 공간 같은|밀폐된 공기,old_library|barrel_cellar|clean_room,,axis_descriptor,일반 감각 descriptor이며 sensory object로 직접 병합하지 않는다.
닫힌,닫힌,narrow enclosed,expression,space,,axis_descriptor,context_dependent,medium,narrow_enclosed,넓은|야외적인,좁게 갇힌|닫힌 공간 같은|밀폐된 공기,old_library|barrel_cellar|clean_room,,axis_descriptor,일반 감각 descriptor이며 sensory object로 직접 병합하지 않는다.
실내적인,실내적인,indoor,adjective,space,,axis_descriptor,context_dependent,medium,indoor,야외적인|해안가의,실내적인 공기|방 안에 머무는|정돈된 공간 같은,clean_room|old_library|barrel_cellar,,axis_descriptor,일반 감각 descriptor이며 sensory object로 직접 병합하지 않는다.
방 안 같은,방 안 같은,indoor,adjective,space,,axis_descriptor,context_dependent,medium,indoor,야외적인|해안가의,실내적인 공기|방 안에 머무는|정돈된 공간 같은,clean_room|old_library|barrel_cellar,,axis_descriptor,일반 감각 descriptor이며 sensory object로 직접 병합하지 않는다.
야외적인,야외적인,outdoor,adjective,space,,axis_descriptor,context_dependent,medium,outdoor,실내적인|밀폐된,야외 공기 같은|바깥에서 들어오는|자연에 열린 느낌,sea_breeze|forest_floor|after_rain_garden,,axis_descriptor,일반 감각 descriptor이며 sensory object로 직접 병합하지 않는다.
바깥 공기의,바깥 공기의,outdoor,noun_phrase,space,,axis_descriptor,context_dependent,medium,outdoor,실내적인|밀폐된,야외 공기 같은|바깥에서 들어오는|자연에 열린 느낌,sea_breeze|forest_floor|after_rain_garden,,axis_descriptor,일반 감각 descriptor이며 sensory object로 직접 병합하지 않는다.
바닥 가까운,바닥 가까운,low grounded,adjective,space,,axis_descriptor,context_dependent,medium,low_grounded,공중에 뜬|높게 열리는,바닥 가까이 남는|지면에 붙어 있는|낮은 공간감,forest_floor|rain_on_asphalt|wet_stone,,axis_descriptor,일반 감각 descriptor이며 sensory object로 직접 병합하지 않는다.
낮은 공간의,낮은 공간의,low grounded,noun_phrase,space,,axis_descriptor,context_dependent,medium,low_grounded,공중에 뜬|높게 열리는,바닥 가까이 남는|지면에 붙어 있는|낮은 공간감,forest_floor|rain_on_asphalt|wet_stone,,axis_descriptor,일반 감각 descriptor이며 sensory object로 직접 병합하지 않는다.
고요한,고요한,calm quiet,adjective,atmosphere,,atmosphere_descriptor,context_dependent,medium,calm_quiet,산만한|튀는,고요하게 남는|차분하게 가라앉는|조용한 분위기,late_night_air|old_library|slate,,modifier_candidate,일반 감각 descriptor이며 sensory object로 직접 병합하지 않는다.
차분한,차분한,calm quiet,adjective,atmosphere,,atmosphere_descriptor,context_dependent,medium,calm_quiet,산만한|튀는,고요하게 남는|차분하게 가라앉는|조용한 분위기,late_night_air|old_library|slate,,modifier_candidate,일반 감각 descriptor이며 sensory object로 직접 병합하지 않는다.
답답한,답답한,stuffy closed,adjective,atmosphere,,atmosphere_descriptor,context_dependent,medium,stuffy_closed,맑은|탁 트인,답답하게 머무는|공기가 무거운|막힌 공간 같은,barrel_cellar|old_library,,modifier_candidate,일반 감각 descriptor이며 sensory object로 직접 병합하지 않는다.
막힌,막힌,stuffy closed,expression,atmosphere,,atmosphere_descriptor,context_dependent,medium,stuffy_closed,맑은|탁 트인,답답하게 머무는|공기가 무거운|막힌 공간 같은,barrel_cellar|old_library,,modifier_candidate,일반 감각 descriptor이며 sensory object로 직접 병합하지 않는다.
깨끗한,깨끗한,clean orderly,adjective,atmosphere,,atmosphere_descriptor,context_dependent,medium,clean_orderly,낡은|흙내 나는,깨끗하게 정리된|단정한 분위기|먼지 없이 맑은,clean_room|fresh_linen,,modifier_candidate,일반 감각 descriptor이며 sensory object로 직접 병합하지 않는다.
정돈된,정돈된,clean orderly,expression,atmosphere,,atmosphere_descriptor,context_dependent,medium,clean_orderly,낡은|흙내 나는,깨끗하게 정리된|단정한 분위기|먼지 없이 맑은,clean_room|fresh_linen,,modifier_candidate,일반 감각 descriptor이며 sensory object로 직접 병합하지 않는다.
도시적인,도시적인,urban,adjective,atmosphere,,atmosphere_descriptor,context_dependent,medium,urban,숲 같은|정원 같은,도시적인 비 냄새|도로 같은 분위기|콘크리트 위의 공기,rain_on_asphalt|rainy_street|cold_metal,,modifier_candidate,일반 감각 descriptor이며 sensory object로 직접 병합하지 않는다.
도로 같은,도로 같은,urban,adjective,atmosphere,,atmosphere_descriptor,context_dependent,medium,urban,숲 같은|정원 같은,도시적인 비 냄새|도로 같은 분위기|콘크리트 위의 공기,rain_on_asphalt|rainy_street|cold_metal,,modifier_candidate,일반 감각 descriptor이며 sensory object로 직접 병합하지 않는다.
숲 같은,숲 같은,forest like,adjective,atmosphere,,atmosphere_descriptor,context_dependent,medium,forest_like,도시적인|금속적인,숲 같은 공기|그늘진 습도|흙과 잎이 섞인,forest_floor|wet_moss|bark,,modifier_candidate,일반 감각 descriptor이며 sensory object로 직접 병합하지 않는다.
그늘진,그늘진,forest like,expression,atmosphere,,atmosphere_descriptor,context_dependent,medium,forest_like,도시적인|금속적인,숲 같은 공기|그늘진 습도|흙과 잎이 섞인,forest_floor|wet_moss|bark,,modifier_candidate,일반 감각 descriptor이며 sensory object로 직접 병합하지 않는다.
둥근,둥근,round,expression,shape,,axis_descriptor,context_dependent,medium,round,각진|날카로운,둥글게 감싸는|모서리 없이 남는|원형으로 퍼지는,vanilla_cream|cashmere|warm_cotton,,axis_descriptor,일반 감각 descriptor이며 sensory object로 직접 병합하지 않는다.
모서리 없는,모서리 없는,round,adjective,shape,,axis_descriptor,context_dependent,medium,round,각진|날카로운,둥글게 감싸는|모서리 없이 남는|원형으로 퍼지는,vanilla_cream|cashmere|warm_cotton,,axis_descriptor,일반 감각 descriptor이며 sensory object로 직접 병합하지 않는다.
각진,각진,angular,expression,shape,,axis_descriptor,context_dependent,medium,angular,둥근|흐린,각지게 서 있는|모서리가 느껴지는|기하학적인 선,cut_diamond|cold_metal|slate,,axis_descriptor,일반 감각 descriptor이며 sensory object로 직접 병합하지 않는다.
모서리가 있는,모서리가 있는,angular,adjective,shape,,axis_descriptor,context_dependent,medium,angular,둥근|흐린,각지게 서 있는|모서리가 느껴지는|기하학적인 선,cut_diamond|cold_metal|slate,,axis_descriptor,일반 감각 descriptor이며 sensory object로 직접 병합하지 않는다.
납작한,납작한,flat,adjective,shape,,axis_descriptor,context_dependent,medium,flat,두꺼운|부풀어 오른,납작하게 깔리는|평평한 표면 같은|얇게 눌린 느낌,slate|marble,,axis_descriptor,일반 감각 descriptor이며 sensory object로 직접 병합하지 않는다.
평평한,평평한,flat,adjective,shape,,axis_descriptor,context_dependent,medium,flat,두꺼운|부풀어 오른,납작하게 깔리는|평평한 표면 같은|얇게 눌린 느낌,slate|marble,,axis_descriptor,일반 감각 descriptor이며 sensory object로 직접 병합하지 않는다.
뾰족한,뾰족한,pointed,adjective,shape,,axis_descriptor,context_dependent,medium,pointed,둥근|무딘,뾰족하게 올라오는|끝이 선 느낌|찌르듯 지나가는,citrus_peel|cut_diamond|cold_metal,,axis_descriptor,일반 감각 descriptor이며 sensory object로 직접 병합하지 않는다.
끝이 선,끝이 선,pointed,noun_phrase,shape,,axis_descriptor,context_dependent,medium,pointed,둥근|무딘,뾰족하게 올라오는|끝이 선 느낌|찌르듯 지나가는,citrus_peel|cut_diamond|cold_metal,,axis_descriptor,일반 감각 descriptor이며 sensory object로 직접 병합하지 않는다.
퍼져 있는,퍼져 있는,diffuse,adjective,shape,,axis_descriptor,context_dependent,medium,diffuse,중심이 또렷한|각진,형체 없이 퍼지는|구름처럼 흐려지는|중심이 흐린,cold_fog|film_grain|organza,,axis_descriptor,일반 감각 descriptor이며 sensory object로 직접 병합하지 않는다.
형체가 흐린,형체가 흐린,diffuse,noun_phrase,shape,,axis_descriptor,context_dependent,medium,diffuse,중심이 또렷한|각진,형체 없이 퍼지는|구름처럼 흐려지는|중심이 흐린,cold_fog|film_grain|organza,,axis_descriptor,일반 감각 descriptor이며 sensory object로 직접 병합하지 않는다.
날카로운,날카로운,sharp edge,adjective,edge,,axis_descriptor,context_dependent,medium,sharp_edge,경계가 흐린|둥근,경계가 선명한|날카롭게 잘린|선이 또렷한,cut_diamond|four_k_clarity|cold_metal,,axis_descriptor,일반 감각 descriptor이며 sensory object로 직접 병합하지 않는다.
경계가 선명한,경계가 선명한,sharp edge,adjective,edge,,axis_descriptor,context_dependent,medium,sharp_edge,경계가 흐린|둥근,경계가 선명한|날카롭게 잘린|선이 또렷한,cut_diamond|four_k_clarity|cold_metal,,axis_descriptor,일반 감각 descriptor이며 sensory object로 직접 병합하지 않는다.
경계가 부드러운,경계가 부드러운,soft edge,adjective,edge,,axis_descriptor,context_dependent,medium,soft_edge,날카로운|각진,경계가 부드러운|모서리가 둥근|무디게 남는,cashmere|vanilla_cream|velvet,,axis_descriptor,일반 감각 descriptor이며 sensory object로 직접 병합하지 않는다.
모서리가 둥근,모서리가 둥근,soft edge,noun_phrase,edge,,axis_descriptor,context_dependent,medium,soft_edge,날카로운|각진,경계가 부드러운|모서리가 둥근|무디게 남는,cashmere|vanilla_cream|velvet,,axis_descriptor,일반 감각 descriptor이며 sensory object로 직접 병합하지 않는다.
선이 얇은,선이 얇은,thin line,noun_phrase,edge,,axis_descriptor,context_dependent,medium,thin_line,두꺼운|넓게 번지는,선이 얇게 지나가는|가느다랗게 남는|실처럼 이어지는,organza|silk|citrus_peel,,axis_descriptor,일반 감각 descriptor이며 sensory object로 직접 병합하지 않는다.
가느다란,가느다란,thin line,expression,edge,,axis_descriptor,context_dependent,medium,thin_line,두꺼운|넓게 번지는,선이 얇게 지나가는|가느다랗게 남는|실처럼 이어지는,organza|silk|citrus_peel,,axis_descriptor,일반 감각 descriptor이며 sensory object로 직접 병합하지 않는다.
경계가 흐린,경계가 흐린,blurred boundary,noun_phrase,edge,,axis_descriptor,context_dependent,medium,blurred_boundary,중심이 또렷한|선명한,경계가 흐린|번져서 남는|뭉개진 윤곽,film_grain|cold_fog,,axis_descriptor,일반 감각 descriptor이며 sensory object로 직접 병합하지 않는다.
번진,번진,blurred boundary,expression,edge,,axis_descriptor,context_dependent,medium,blurred_boundary,중심이 또렷한|선명한,경계가 흐린|번져서 남는|뭉개진 윤곽,film_grain|cold_fog,,axis_descriptor,일반 감각 descriptor이며 sensory object로 직접 병합하지 않는다.
중심이 또렷한,중심이 또렷한,centered focus,adjective,edge,,axis_descriptor,context_dependent,medium,centered_focus,중심이 없는|퍼져 있는,중심이 또렷한|핵이 선명한|초점이 잡힌,four_k_clarity|crystal|cut_diamond,,axis_descriptor,일반 감각 descriptor이며 sensory object로 직접 병합하지 않는다.
핵이 있는,핵이 있는,centered focus,adjective,edge,,axis_descriptor,context_dependent,medium,centered_focus,중심이 없는|퍼져 있는,중심이 또렷한|핵이 선명한|초점이 잡힌,four_k_clarity|crystal|cut_diamond,,axis_descriptor,일반 감각 descriptor이며 sensory object로 직접 병합하지 않는다.
젖은,젖은,wet,expression,moisture,,axis_descriptor,context_dependent,medium,wet,마른|보송한,물기 어린 향|젖은 표면 같은|촉촉하게 남는,wet_moss|wet_stone|after_rain_garden,,axis_descriptor,일반 감각 descriptor이며 sensory object로 직접 병합하지 않는다.
물기 어린,물기 어린,wet,noun_phrase,moisture,,axis_descriptor,context_dependent,medium,wet,마른|보송한,물기 어린 향|젖은 표면 같은|촉촉하게 남는,wet_moss|wet_stone|after_rain_garden,,axis_descriptor,일반 감각 descriptor이며 sensory object로 직접 병합하지 않는다.
축축한,축축한,damp,adjective,moisture,,axis_descriptor,context_dependent,medium,damp,바짝 마른|건조한,축축하게 깔리는|습기 차게 남는|눅눅한 공기,forest_floor|rain_on_asphalt|barrel_cellar,,axis_descriptor,일반 감각 descriptor이며 sensory object로 직접 병합하지 않는다.
눅눅한,눅눅한,damp,adjective,moisture,,axis_descriptor,context_dependent,medium,damp,바짝 마른|건조한,축축하게 깔리는|습기 차게 남는|눅눅한 공기,forest_floor|rain_on_asphalt|barrel_cellar,,axis_descriptor,일반 감각 descriptor이며 sensory object로 직접 병합하지 않는다.
마른,마른,dry,expression,moisture,,axis_descriptor,context_dependent,medium,dry,젖은|눅눅한,마르게 남는|건조하게 깔리는|바짝 마른 느낌,dry_herb|cedarwood|fresh_linen,,axis_descriptor,일반 감각 descriptor이며 sensory object로 직접 병합하지 않는다.
건조한,건조한,dry,adjective,moisture,,axis_descriptor,context_dependent,medium,dry,젖은|눅눅한,마르게 남는|건조하게 깔리는|바짝 마른 느낌,dry_herb|cedarwood|fresh_linen,,axis_descriptor,일반 감각 descriptor이며 sensory object로 직접 병합하지 않는다.
이슬 맺힌,이슬 맺힌,dewy,noun_phrase,moisture,,axis_descriptor,context_dependent,medium,dewy,끈적한|탁한,이슬처럼 맺힌|맑은 물방울 같은|산뜻한 물기,green_stem|after_rain_garden,,axis_descriptor,일반 감각 descriptor이며 sensory object로 직접 병합하지 않는다.
맑은 물방울의,맑은 물방울의,dewy,noun_phrase,moisture,,axis_descriptor,context_dependent,medium,dewy,끈적한|탁한,이슬처럼 맺힌|맑은 물방울 같은|산뜻한 물기,green_stem|after_rain_garden,,axis_descriptor,일반 감각 descriptor이며 sensory object로 직접 병합하지 않는다.
끈적한 물기,끈적한 물기,sticky moist,noun_phrase,moisture,,axis_descriptor,context_dependent,medium,sticky_moist,보송한|맑은 물기,끈적한 물기|점성 있게 젖은|달라붙는 습도,honeycomb|burnt_sugar,,axis_descriptor,일반 감각 descriptor이며 sensory object로 직접 병합하지 않는다.
점성 있는 습기,점성 있는 습기,sticky moist,noun_phrase,moisture,,axis_descriptor,context_dependent,medium,sticky_moist,보송한|맑은 물기,끈적한 물기|점성 있게 젖은|달라붙는 습도,honeycomb|burnt_sugar,,axis_descriptor,일반 감각 descriptor이며 sensory object로 직접 병합하지 않는다.
초록빛의,초록빛의,green vegetal,expression,organic,,axis_descriptor,context_dependent,medium,green_vegetal,금속적인|광물적인,초록빛으로 올라오는|식물성으로 남는|풋풋한 줄기 같은,green_stem|wet_moss|dry_herb,,axis_descriptor,일반 감각 descriptor이며 sensory object로 직접 병합하지 않는다.
식물성의,식물성의,green vegetal,expression,organic,,axis_descriptor,context_dependent,medium,green_vegetal,금속적인|광물적인,초록빛으로 올라오는|식물성으로 남는|풋풋한 줄기 같은,green_stem|wet_moss|dry_herb,,axis_descriptor,일반 감각 descriptor이며 sensory object로 직접 병합하지 않는다.
흙내 나는,흙내 나는,earthy,adjective,organic,,axis_descriptor,context_dependent,medium,earthy,비누 같은|유리 같은,흙내가 나는|뿌리처럼 낮은|대지의 습도,forest_floor|wet_stone|after_rain_garden,,axis_descriptor,일반 감각 descriptor이며 sensory object로 직접 병합하지 않는다.
뿌리 같은,뿌리 같은,earthy,adjective,organic,,axis_descriptor,context_dependent,medium,earthy,비누 같은|유리 같은,흙내가 나는|뿌리처럼 낮은|대지의 습도,forest_floor|wet_stone|after_rain_garden,,axis_descriptor,일반 감각 descriptor이며 sensory object로 직접 병합하지 않는다.
나무 같은,나무 같은,woody,adjective,organic,,axis_descriptor,context_dependent,medium,woody,금속적인|크리미한,나무결 같은|목질적으로 남는|껍질처럼 거친,cedarwood|bark|old_wood,,axis_descriptor,일반 감각 descriptor이며 sensory object로 직접 병합하지 않는다.
목질적인,목질적인,woody,adjective,organic,,axis_descriptor,context_dependent,medium,woody,금속적인|크리미한,나무결 같은|목질적으로 남는|껍질처럼 거친,cedarwood|bark|old_wood,,axis_descriptor,일반 감각 descriptor이며 sensory object로 직접 병합하지 않는다.
살갗 같은,살갗 같은,animalic skin,adjective,organic,,axis_descriptor,context_dependent,medium,animalic_skin,유리 같은|차가운 금속,살갗 가까운|체온 섞인|동물성으로 낮은,leather|warm_cotton|cashmere,,axis_descriptor,일반 감각 descriptor이며 sensory object로 직접 병합하지 않는다.
동물성의,동물성의,animalic skin,expression,organic,,axis_descriptor,context_dependent,medium,animalic_skin,유리 같은|차가운 금속,살갗 가까운|체온 섞인|동물성으로 낮은,leather|warm_cotton|cashmere,,axis_descriptor,일반 감각 descriptor이며 sensory object로 직접 병합하지 않는다.
허브 같은,허브 같은,herbal bitter,adjective,organic,,axis_descriptor,context_dependent,medium,herbal_bitter,크리미한|시럽 같은,허브처럼 씁쓸한|마른 잎처럼 남는|식물성 쌉싸름함,dry_herb|black_tea|tobacco_leaf,,axis_descriptor,일반 감각 descriptor이며 sensory object로 직접 병합하지 않는다.
씁쓸한 식물성,씁쓸한 식물성,herbal bitter,noun_phrase,organic,,axis_descriptor,context_dependent,medium,herbal_bitter,크리미한|시럽 같은,허브처럼 씁쓸한|마른 잎처럼 남는|식물성 쌉싸름함,dry_herb|black_tea|tobacco_leaf,,axis_descriptor,일반 감각 descriptor이며 sensory object로 직접 병합하지 않는다.
돌 같은,돌 같은,stone like,adjective,mineral,,axis_descriptor,context_dependent,medium,stone_like,식물성|살갗 같은,돌 같은 차가움|광물적인 잔향|석재 표면 같은,wet_stone|slate|granite,,axis_descriptor,일반 감각 descriptor이며 sensory object로 직접 병합하지 않는다.
석재 같은,석재 같은,stone like,adjective,mineral,,axis_descriptor,context_dependent,medium,stone_like,식물성|살갗 같은,돌 같은 차가움|광물적인 잔향|석재 표면 같은,wet_stone|slate|granite,,axis_descriptor,일반 감각 descriptor이며 sensory object로 직접 병합하지 않는다.
금속적인,금속적인,metallic,adjective,mineral,,axis_descriptor,context_dependent,medium,metallic,크리미한|목질적인,금속적으로 남는|은빛으로 차가운|쇠맛 같은 긴장감,cold_metal|silver_spoon,,axis_descriptor,일반 감각 descriptor이며 sensory object로 직접 병합하지 않는다.
쇠맛 같은,쇠맛 같은,metallic,adjective,mineral,,axis_descriptor,context_dependent,medium,metallic,크리미한|목질적인,금속적으로 남는|은빛으로 차가운|쇠맛 같은 긴장감,cold_metal|silver_spoon,,axis_descriptor,일반 감각 descriptor이며 sensory object로 직접 병합하지 않는다.
유리 같은,유리 같은,glass like,adjective,mineral,,axis_descriptor,context_dependent,medium,glass_like,흙내 나는|보송한,유리 같은 표면|차갑게 반사되는|투명한 단단함,crystal|cut_diamond|silver_spoon,,axis_descriptor,일반 감각 descriptor이며 sensory object로 직접 병합하지 않는다.
투명한 표면의,투명한 표면의,glass like,noun_phrase,mineral,,axis_descriptor,context_dependent,medium,glass_like,흙내 나는|보송한,유리 같은 표면|차갑게 반사되는|투명한 단단함,crystal|cut_diamond|silver_spoon,,axis_descriptor,일반 감각 descriptor이며 sensory object로 직접 병합하지 않는다.
결정질의,결정질의,crystalline,expression,mineral,,axis_descriptor,context_dependent,medium,crystalline,흐릿한|탁한,결정질로 반짝이는|쨍하게 선명한|크리스탈 같은 투명감,crystal|cut_diamond|winter_dawn,,axis_descriptor,일반 감각 descriptor이며 sensory object로 직접 병합하지 않는다.
크리스탈 같은,크리스탈 같은,crystalline,adjective,mineral,,axis_descriptor,context_dependent,medium,crystalline,흐릿한|탁한,결정질로 반짝이는|쨍하게 선명한|크리스탈 같은 투명감,crystal|cut_diamond|winter_dawn,,axis_descriptor,일반 감각 descriptor이며 sensory object로 직접 병합하지 않는다.
콘크리트 같은,콘크리트 같은,concrete urban,adjective,mineral,,axis_descriptor,context_dependent,medium,concrete_urban,숲 같은|크림 같은,콘크리트 위의 비|아스팔트 같은 미네랄|도시적인 광물성,rain_on_asphalt|rainy_street|wet_stone,,axis_descriptor,일반 감각 descriptor이며 sensory object로 직접 병합하지 않는다.
아스팔트의,아스팔트의,concrete urban,expression,mineral,,axis_descriptor,context_dependent,medium,concrete_urban,숲 같은|크림 같은,콘크리트 위의 비|아스팔트 같은 미네랄|도시적인 광물성,rain_on_asphalt|rainy_street|wet_stone,,axis_descriptor,일반 감각 descriptor이며 sensory object로 직접 병합하지 않는다.
필름 같은,필름 같은,film like,adjective,rendering,,axis_descriptor,context_dependent,medium,film_like,4K 같은|고해상도의,필름처럼 남는|노이즈가 있는 장면|감정이 남는 렌더링,film_grain|old_library|late_night_air,,axis_descriptor,일반 감각 descriptor이며 sensory object로 직접 병합하지 않는다.
노이즈 있는,노이즈 있는,film like,adjective,rendering,,axis_descriptor,context_dependent,medium,film_like,4K 같은|고해상도의,필름처럼 남는|노이즈가 있는 장면|감정이 남는 렌더링,film_grain|old_library|late_night_air,,axis_descriptor,일반 감각 descriptor이며 sensory object로 직접 병합하지 않는다.
4K 같은,4K 같은,four k like,adjective,rendering,,axis_descriptor,context_dependent,medium,four_k_like,흐릿한|필름 같은,4K처럼 선명한|입자가 다 보이는|고해상도로 잡히는,four_k_clarity|cut_diamond|crystal,,axis_descriptor,일반 감각 descriptor이며 sensory object로 직접 병합하지 않는다.
고해상도의,고해상도의,four k like,expression,rendering,,axis_descriptor,context_dependent,medium,four_k_like,흐릿한|필름 같은,4K처럼 선명한|입자가 다 보이는|고해상도로 잡히는,four_k_clarity|cut_diamond|crystal,,axis_descriptor,일반 감각 descriptor이며 sensory object로 직접 병합하지 않는다.
소프트 포커스의,소프트 포커스의,soft focus,noun_phrase,rendering,,axis_descriptor,context_dependent,medium,soft_focus,정밀한|초점이 맞은,소프트 포커스로 남는|부드럽게 흐려진|초점이 풀린 장면,film_grain|cold_fog|organza,,axis_descriptor,일반 감각 descriptor이며 sensory object로 직접 병합하지 않는다.
부드럽게 흐려진,부드럽게 흐려진,soft focus,noun_phrase,rendering,,axis_descriptor,context_dependent,medium,soft_focus,정밀한|초점이 맞은,소프트 포커스로 남는|부드럽게 흐려진|초점이 풀린 장면,film_grain|cold_fog|organza,,axis_descriptor,일반 감각 descriptor이며 sensory object로 직접 병합하지 않는다.
정밀한,정밀한,precision first,adjective,rendering,,axis_descriptor,context_dependent,medium,precision_first,분위기 중심의|흐린,정밀하게 보이는|디테일이 살아 있는|세밀하게 잘린,four_k_clarity|cut_diamond|silver_spoon,,axis_descriptor,일반 감각 descriptor이며 sensory object로 직접 병합하지 않는다.
세밀한,세밀한,precision first,adjective,rendering,,axis_descriptor,context_dependent,medium,precision_first,분위기 중심의|흐린,정밀하게 보이는|디테일이 살아 있는|세밀하게 잘린,four_k_clarity|cut_diamond|silver_spoon,,axis_descriptor,일반 감각 descriptor이며 sensory object로 직접 병합하지 않는다.
분위기 중심의,분위기 중심의,atmosphere first,noun_phrase,rendering,,axis_descriptor,context_dependent,medium,atmosphere_first,정밀한|건조하게 분석되는,분위기가 먼저 오는|장면적으로 남는|무드가 핵심인,film_grain|barrel_cellar|forest_floor,,axis_descriptor,일반 감각 descriptor이며 sensory object로 직접 병합하지 않는다.
장면적인,장면적인,atmosphere first,adjective,rendering,,axis_descriptor,context_dependent,medium,atmosphere_first,정밀한|건조하게 분석되는,분위기가 먼저 오는|장면적으로 남는|무드가 핵심인,film_grain|barrel_cellar|forest_floor,,axis_descriptor,일반 감각 descriptor이며 sensory object로 직접 병합하지 않는다.
조화로운,조화로운,harmonious,adjective,balance,,contrast_descriptor,context_dependent,medium,harmonious,불균형한|산만한,조화롭게 이어지는|균형 있게 남는|자연스럽게 연결되는,warm_cotton|vanilla_cream|clean_room,,modifier_candidate,일반 감각 descriptor이며 sensory object로 직접 병합하지 않는다.
균형 잡힌,균형 잡힌,harmonious,noun_phrase,balance,,contrast_descriptor,context_dependent,medium,harmonious,불균형한|산만한,조화롭게 이어지는|균형 있게 남는|자연스럽게 연결되는,warm_cotton|vanilla_cream|clean_room,,modifier_candidate,일반 감각 descriptor이며 sensory object로 직접 병합하지 않는다.
대비되는,대비되는,contrasting,adjective,balance,,contrast_descriptor,context_dependent,medium,contrasting,단일한|평평한,달콤하지만 무겁지 않은|차갑지만 부드러운|반전이 있는,film_grain|wet_moss,,modifier_candidate,일반 감각 descriptor이며 sensory object로 직접 병합하지 않는다.
A지만 B인,A지만 B인,contrasting,noun_phrase,balance,,contrast_descriptor,context_dependent,medium,contrasting,단일한|평평한,달콤하지만 무겁지 않은|차갑지만 부드러운|반전이 있는,film_grain|wet_moss,,modifier_candidate,일반 감각 descriptor이며 sensory object로 직접 병합하지 않는다.
산만한,산만한,scattered,adjective,balance,,contrast_descriptor,context_dependent,medium,scattered,단정한|중심이 또렷한,산만하게 퍼지는|중심 없이 흩어지는|정리되지 않은,cold_fog|rainy_street,,modifier_candidate,일반 감각 descriptor이며 sensory object로 직접 병합하지 않는다.
흩어진,흩어진,scattered,expression,balance,,contrast_descriptor,context_dependent,medium,scattered,단정한|중심이 또렷한,산만하게 퍼지는|중심 없이 흩어지는|정리되지 않은,cold_fog|rainy_street,,modifier_candidate,일반 감각 descriptor이며 sensory object로 직접 병합하지 않는다.
절제된,절제된,restrained,expression,balance,,contrast_descriptor,context_dependent,medium,restrained,과한|폭발적인,절제되어 남는|단정하게 정리된|과하지 않은 균형,clean_room|fresh_linen|slate,,modifier_candidate,일반 감각 descriptor이며 sensory object로 직접 병합하지 않는다.
단정한,단정한,restrained,adjective,balance,,contrast_descriptor,context_dependent,medium,restrained,과한|폭발적인,절제되어 남는|단정하게 정리된|과하지 않은 균형,clean_room|fresh_linen|slate,,modifier_candidate,일반 감각 descriptor이며 sensory object로 직접 병합하지 않는다.
불균형한,불균형한,unstable,adjective,balance,,contrast_descriptor,context_dependent,medium,unstable,조화로운|둥근,불균형하게 흔들리는|긴장감 있게 남는|삐걱이는 느낌,cold_metal|rain_on_asphalt,,modifier_candidate,일반 감각 descriptor이며 sensory object로 직접 병합하지 않는다.
긴장감 있는,긴장감 있는,unstable,adjective,balance,,contrast_descriptor,context_dependent,medium,unstable,조화로운|둥근,불균형하게 흔들리는|긴장감 있게 남는|삐걱이는 느낌,cold_metal|rain_on_asphalt,,modifier_candidate,일반 감각 descriptor이며 sensory object로 직접 병합하지 않는다.
시원한,시원한,refreshing cool,adjective,temperature,,axis_descriptor,positive,medium,cool_cold,뜨거운|답답한,시원하게 트이는|맑고 시원한|시원하지만 차갑지는 않은,sea_breeze|mountain_stream,,axis_descriptor,자주 쓰이는 일반 감각 표현. object가 아니라 modifier/axis로 관리한다.
질긴,질긴,tough,adjective,texture,,axis_descriptor,negative,medium,rough_grainy,부드러운|매끈한,질기게 남는|입안에 질긴 느낌|부드럽지 않고 질긴,leather|bark,,axis_descriptor,자주 쓰이는 일반 감각 표현. object가 아니라 modifier/axis로 관리한다.
크리미한,크리미한,creamy,adjective,texture,density,axis_descriptor,positive,medium,soft_smooth,날카로운|수렴감 있는,크리미하게 감싸는|부드럽고 둥근|크림처럼 남는,vanilla_cream|warm_cotton,lactonic_milk_softness,axis_descriptor,자주 쓰이는 일반 감각 표현. object가 아니라 modifier/axis로 관리한다.
맴도는,맴도는,hovering,verb,motion,finish,motion_descriptor,neutral,medium,spreading,짧게 끊기는,입안에 맴도는|공기 중에 맴도는|천천히 맴돌다,black_tea|film_grain,,modifier_candidate,자주 쓰이는 일반 감각 표현. object가 아니라 modifier/axis로 관리한다.
터지는,터지는,bursting,verb,motion,light,motion_descriptor,positive,medium,rising,가라앉는|낮게 깔리는,처음에 터지는|상큼하게 터지는|밝게 터지는,citrus_peel|four_k_clarity,,modifier_candidate,자주 쓰이는 일반 감각 표현. object가 아니라 modifier/axis로 관리한다.
밀려오는,밀려오는,rolling in,verb,motion,space,motion_descriptor,neutral,medium,spreading,얇게 지나가는,넓게 밀려오는|파도처럼 밀려오는|공기처럼 밀려오는,sea_breeze|cold_fog,,modifier_candidate,자주 쓰이는 일반 감각 표현. object가 아니라 modifier/axis로 관리한다.
낡은,낡은,aged worn,adjective,atmosphere,time,atmosphere_descriptor,context_dependent,medium,aging_old,새로운|깨끗한,낡은 책장 같은|오래된 방 같은|시간이 밴,old_library|old_wood,,modifier_candidate,자주 쓰이는 일반 감각 표현. object가 아니라 modifier/axis로 관리한다.
건조한,건조한,dry,adjective,moisture,texture,axis_descriptor,neutral,medium,dry,젖은|축축한,건조하게 남는|마른 표면 같은|물기 없이 드라이한,dry_herb|cedarwood|fresh_linen,,axis_descriptor,자주 쓰이는 일반 감각 표현. object가 아니라 modifier/axis로 관리한다.
습한,습한,humid,adjective,atmosphere,moisture,atmosphere_descriptor,context_dependent,medium,damp,건조한|바짝 마른,습한 공기|습하게 깔리는|물기가 도는,wet_moss|barrel_cellar,,modifier_candidate,자주 쓰이는 일반 감각 표현. object가 아니라 modifier/axis로 관리한다.
윤이 나다,윤이 나다,to be glossy,expression,light,texture,axis_descriptor,positive,medium,glossy_shiny,매트한|탁한,윤이 나는 표면|차갑게 윤이 나다|매끈하게 빛나다,marble|silver_spoon,,axis_descriptor,자주 쓰이는 일반 감각 표현. object가 아니라 modifier/axis로 관리한다.
